period,accounts,category,amount,month,running_total,year,year_month
2026-06-01,UPI,Transport,1304.0,June,482236.86,2026,2026-06
2026-06-01,UPI,Food,27.0,June,486274.86,2026,2026-06
2026-06-01,Auto Debit,bike_emi,5333.0,June,486236.86,2026,2026-06
2026-06-01,UPI,Rent,4000.0,June,486236.86,2026,2026-06
2026-05-31,UPI,Gift,171.0,May,480732.86,2026,2026-05
2026-05-31,UPI,Party_Weekend,200.0,May,480932.86,2026,2026-05
2026-05-30,UPI,Apparel,750.0,May,480561.86,2026,2026-05
2026-05-30,UPI,Transport,300.0,May,479811.86,2026,2026-05
2026-05-29,UPI,Food,110.0,May,479487.86,2026,2026-05
2026-05-28,UPI,Food,24.0,May,479511.86,2026,2026-05
2026-05-27,UPI,Food,130.0,May,479347.86,2026,2026-05
2026-05-26,UPI,Food,30.0,May,479377.86,2026,2026-05
2026-05-25,UPI,Food,11.0,May,479217.86,2026,2026-05
2026-05-25,UPI,Food,60.0,May,479206.86,2026,2026-05
2026-05-25,UPI,Food,11.0,May,477364.86,2026,2026-05
2026-05-25,UPI,Party_Weekend,1782.0,May,479146.86,2026,2026-05
2026-05-23,UPI,Transport,1039.0,May,477284.86,2026,2026-05
2026-05-23,UPI,Food,69.0,May,477353.86,2026,2026-05
2026-05-22,UPI,Party,327.0,May,476233.86,2026,2026-05
2026-05-21,UPI,Food,104.0,May,475906.86,2026,2026-05
2026-05-21,UPI,Food,12.0,May,476245.86,2026,2026-05
2026-05-20,UPI,Food,50.0,May,475802.86,2026,2026-05
2026-05-19,UPI,Food,60.0,May,475752.86,2026,2026-05
2026-05-19,UPI,Household,358.0,May,475483.86,2026,2026-05
2026-05-19,UPI,Gift,180.0,May,475663.86,2026,2026-05
2026-05-19,UPI,Food,29.0,May,475692.86,2026,2026-05
2026-05-18,UPI,Food,24.0,May,475050.86,2026,2026-05
2026-05-18,UPI,Food,75.0,May,475125.86,2026,2026-05
2026-05-17,UPI,Transport,1061.0,May,475026.86,2026,2026-05
2026-05-15,UPI,Food,29.0,May,473855.86,2026,2026-05
2026-05-15,UPI,Food,110.0,May,473965.86,2026,2026-05
2026-05-14,UPI,Food,140.0,May,473692.86,2026,2026-05
2026-05-13,UPI,Food,22.0,May,473552.86,2026,2026-05
2026-05-13,UPI,Food,134.0,May,473826.86,2026,2026-05
2026-05-12,UPI,Food,104.0,May,473512.86,2026,2026-05
2026-05-12,UPI,Food,18.0,May,473530.86,2026,2026-05
2026-05-12,UPI,Food,25.0,May,473408.86,2026,2026-05
2026-05-09,UPI,Transport,681.0,May,473383.86,2026,2026-05
2026-05-09,UPI,Transport,3419.0,May,472702.86,2026,2026-05
2026-05-08,UPI,Other,45.0,May,469283.86,2026,2026-05
2026-05-07,UPI,Food,10.0,May,465238.86,2026,2026-05
2026-05-06,UPI,Food,55.0,May,457714.86,2026,2026-05
2026-05-06,UPI,Food,14.0,May,465228.86,2026,2026-05
2026-05-05,UPI,Food,70.0,May,457659.86,2026,2026-05
2026-05-03,UPI,Recharge,588.0,May,457589.86,2026,2026-05
2026-05-03,UPI,Transport,876.0,May,457001.86,2026,2026-05
2026-05-02,UPI,Party_Weekend,288.0,May,456125.86,2026,2026-05
2026-05-01,UPI,Rent,4000.0,May,469238.86,2026,2026-05
2026-05-01,UPI,Beauty,160.0,May,455837.86,2026,2026-05
2026-05-01,Auto Debit,bike_emi,5333.0,May,454467.86,2026,2026-05
2026-05-01,UPI,Food,110.0,May,455677.86,2026,2026-05
2026-04-30,UPI,Food,10.0,April,454467.86,2026,2026-04
2026-04-29,UPI,Food,34.0,April,454445.86,2026,2026-04
2026-04-28,UPI,Food,12.0,April,454457.86,2026,2026-04
2026-04-27,UPI,Transport,1335.0,April,454083.86,2026,2026-04
2026-04-27,UPI,Food,328.0,April,454411.86,2026,2026-04
2026-04-25,UPI,Beauty,1200.0,April,452748.86,2026,2026-04
2026-04-24,UPI,Food,34.0,April,450251.26,2026,2026-04
2026-04-23,UPI,Gift,250.0,April,450217.26,2026,2026-04
2026-04-22,UPI,Food,260.0,April,449967.26,2026,2026-04
2026-04-21,UPI,Food,27.0,April,449594.26,2026,2026-04
2026-04-20,UPI,Food,113.0,April,449707.26,2026,2026-04
2026-04-19,UPI,Transport,1297.6,April,451548.86,2026,2026-04
2026-04-18,UPI,Recharge,471.0,April,448159.66,2026,2026-04
2026-04-17,UPI,Recharge,240.0,April,447688.66,2026,2026-04
2026-04-16,UPI,Food,110.0,April,448269.66,2026,2026-04
2026-04-15,UPI,Food,123.0,April,447448.66,2026,2026-04
2026-04-15,UPI,Food,52.0,April,447325.66,2026,2026-04
2026-04-14,UPI,Food,60.0,April,447273.66,2026,2026-04
2026-04-14,UPI,Food,24.0,April,447213.66,2026,2026-04
2026-04-13,UPI,Food,70.0,April,447189.66,2026,2026-04
2026-04-13,UPI,Food,39.0,April,447119.66,2026,2026-04
2026-04-11,UPI,Party_Weekend,470.0,April,446660.66,2026,2026-04
2026-04-11,UPI,Transport,420.0,April,447080.66,2026,2026-04
2026-04-10,UPI,Food,95.0,April,446190.66,2026,2026-04
2026-04-10,UPI,Transport,471.0,April,446095.66,2026,2026-04
2026-04-09,UPI,Other,1009.0,April,445624.66,2026,2026-04
2026-04-08,UPI,Food,124.0,April,444615.66,2026,2026-04
2026-04-08,UPI,Food,30.0,April,444479.66,2026,2026-04
2026-04-08,UPI,Food,12.0,April,444491.66,2026,2026-04
2026-04-07,UPI,Food,73.0,April,443859.66,2026,2026-04
2026-04-07,UPI,Transport,990.0,April,443786.66,2026,2026-04
2026-04-07,UPI,Food,22.0,April,443881.66,2026,2026-04
2026-04-06,UPI,Food,24.0,April,442796.66,2026,2026-04
2026-04-04,UPI,Rent,800.0,April,442677.66,2026,2026-04
2026-04-04,UPI,Gift,95.0,April,442772.66,2026,2026-04
2026-04-03,UPI,Food,20.0,April,435444.66,2026,2026-04
2026-04-03,UPI,Transport,1900.0,April,435424.66,2026,2026-04
2026-04-02,UPI,Rent,4000.0,April,432469.66,2026,2026-04
2026-04-02,UPI,Transport,1055.0,April,433524.66,2026,2026-04
2026-04-02,UPI,Recharge,568.0,April,444449.66,2026,2026-04
2026-04-01,UPI,Food,27.0,April,421401.66,2026,2026-04
2026-04-01,UPI,Food,1100.0,April,436544.66,2026,2026-04
2026-04-01,Auto Debit,bike_emi,5333.0,April,441877.66,2026,2026-04
2026-04-01,UPI,Food,68.0,April,428469.66,2026,2026-04
2026-03-30,UPI,Food,104.0,March,421374.66,2026,2026-03
2026-03-30,UPI,Food,47.0,March,420170.66,2026,2026-03
2026-03-30,UPI,Food,30.0,March,420123.66,2026,2026-03
2026-03-28,UPI,Food,120.0,March,420093.66,2026,2026-03
2026-03-27,UPI,Food,50.0,March,419973.66,2026,2026-03
2026-03-24,UPI,Food,80.0,March,419923.66,2026,2026-03
2026-03-23,UPI,Food,22.0,March,419843.66,2026,2026-03
2026-03-22,UPI,Recharge,859.0,March,419821.66,2026,2026-03
2026-03-21,UPI,Food,250.0,March,418291.66,2026,2026-03
2026-03-20,UPI,Food,11.0,March,418041.66,2026,2026-03
2026-03-20,UPI,Party,671.0,March,418962.66,2026,2026-03
2026-03-19,UPI,Food,102.0,March,417530.66,2026,2026-03
2026-03-19,UPI,Rent,500.0,March,418030.66,2026,2026-03
2026-03-18,UPI,Food,46.0,March,417428.66,2026,2026-03
2026-03-17,UPI,Beauty,170.0,March,417382.66,2026,2026-03
2026-03-17,UPI,Food,125.0,March,417212.66,2026,2026-03
2026-03-16,UPI,Food,88.0,March,414587.66,2026,2026-03
2026-03-14,UPI,Other,199.0,March,414499.66,2026,2026-03
2026-03-13,UPI,Food,10.0,March,414300.66,2026,2026-03
2026-03-10,UPI,Transport,4300.0,March,414215.66,2026,2026-03
2026-03-10,UPI,Food,75.0,March,414290.66,2026,2026-03
2026-03-09,UPI,Food,67.0,March,409915.66,2026,2026-03
2026-03-08,UPI,Food,186.0,March,409768.66,2026,2026-03
2026-03-08,UPI,Food,80.0,March,409848.66,2026,2026-03
2026-03-07,UPI,Transport,200.0,March,409582.66,2026,2026-03
2026-03-07,UPI,Party_Weekend,300.0,March,409382.66,2026,2026-03
2026-03-06,UPI,Transport,310.0,March,409082.66,2026,2026-03
2026-03-05,UPI,Transport,227.0,March,408752.66,2026,2026-03
2026-03-05,UPI,Food,20.0,March,408772.66,2026,2026-03
2026-03-03,UPI,Social Life,180.0,March,406788.66,2026,2026-03
2026-03-03,UPI,Recharge,589.0,March,406608.66,2026,2026-03
2026-03-03,UPI,Gift,1737.0,March,408525.66,2026,2026-03
2026-03-02,UPI,Food,21.0,March,399434.66,2026,2026-03
2026-03-02,UPI,Rent,6500.0,March,405934.66,2026,2026-03
2026-03-02,UPI,Food,85.0,March,406019.66,2026,2026-03
2026-03-01,UPI,Food,163.0,March,399413.66,2026,2026-03
2026-03-01,UPI,Rent,2500.0,March,417087.66,2026,2026-03
2026-03-01,UPI,Food,1100.0,March,421270.66,2026,2026-03
2026-03-01,UPI,Transport,556.0,March,399250.66,2026,2026-03
2026-02-28,UPI,Other,400.0,February,398694.66,2026,2026-02
2026-02-25,UPI,Food,29.0,February,398214.66,2026,2026-02
2026-02-25,UPI,Food,80.0,February,398294.66,2026,2026-02
2026-02-24,UPI,Food,75.0,February,398185.66,2026,2026-02
2026-02-24,UPI,Food,19.0,February,398110.66,2026,2026-02
2026-02-23,UPI,Food,82.0,February,397985.66,2026,2026-02
2026-02-23,UPI,Other,106.0,February,398091.66,2026,2026-02
2026-02-23,UPI,Food,12.0,February,397903.66,2026,2026-02
2026-02-22,UPI,Party_Weekend,196.0,February,397471.66,2026,2026-02
2026-02-22,UPI,Transport,420.0,February,397891.66,2026,2026-02
2026-02-21,UPI,Food,60.0,February,397275.66,2026,2026-02
2026-02-21,UPI,Food,50.0,February,396947.66,2026,2026-02
2026-02-21,UPI,Food,268.0,February,397215.66,2026,2026-02
2026-02-19,UPI,Other,99.0,February,396897.66,2026,2026-02
2026-02-19,UPI,Food,198.0,February,396798.66,2026,2026-02
2026-02-18,UPI,Recharge,471.0,February,396600.66,2026,2026-02
2026-02-18,UPI,Food,23.0,February,396129.66,2026,2026-02
2026-02-17,UPI,Gift,100.0,February,396080.66,2026,2026-02
2026-02-17,UPI,Food,26.0,February,396106.66,2026,2026-02
2026-02-16,UPI,Food,75.0,February,395851.66,2026,2026-02
2026-02-16,UPI,Food,19.0,February,395776.66,2026,2026-02
2026-02-16,UPI,Transport,129.0,February,395980.66,2026,2026-02
2026-02-15,UPI,Food,110.0,February,395757.66,2026,2026-02
2026-02-15,UPI,Transport,511.0,February,395647.66,2026,2026-02
2026-02-14,UPI,Party_Weekend,510.0,February,395136.66,2026,2026-02
2026-02-14,UPI,Food,175.0,February,394626.66,2026,2026-02
2026-02-13,UPI,Food,12.0,February,394451.66,2026,2026-02
2026-02-11,UPI,Food,23.0,February,394271.66,2026,2026-02
2026-02-11,UPI,Food,168.0,February,394439.66,2026,2026-02
2026-02-10,UPI,Food,11.0,February,394248.66,2026,2026-02
2026-02-10,UPI,Gift,231.0,February,394237.66,2026,2026-02
2026-02-09,UPI,Household,139.0,February,394006.66,2026,2026-02
2026-02-09,UPI,Food,112.0,February,393867.66,2026,2026-02
2026-02-07,UPI,Party_Weekend,660.0,February,393026.66,2026,2026-02
2026-02-07,UPI,Food,160.0,February,393755.66,2026,2026-02
2026-02-07,UPI,Transport,569.0,February,393595.66,2026,2026-02
2026-02-06,UPI,Food,55.0,February,392311.66,2026,2026-02
2026-02-06,UPI,Food,55.0,February,392366.66,2026,2026-02
2026-02-05,UPI,Rent,102.0,February,392241.66,2026,2026-02
2026-02-05,UPI,Food,15.0,February,392256.66,2026,2026-02
2026-02-04,UPI,Food,27.0,February,392139.66,2026,2026-02
2026-02-03,UPI,Recharge,589.0,February,368605.66,2026,2026-02
2026-02-03,UPI,Gift,440.0,February,369045.66,2026,2026-02
2026-02-03,UPI,Food,144.0,February,380532.66,2026,2026-02
2026-02-03,UPI,Apparel,443.0,February,369488.66,2026,2026-02
2026-02-02,UPI,Rent,10400.0,February,390932.66,2026,2026-02
2026-02-02,UPI,Food,8.0,February,368016.66,2026,2026-02
2026-02-01,UPI,Food,260.0,February,367543.66,2026,2026-02
2026-02-01,UPI,Food,1180.0,February,392112.66,2026,2026-02
2026-02-01,UPI,Transport,465.0,February,368008.66,2026,2026-02
2026-02-01,UPI,Beauty,110.0,February,367283.66,2026,2026-02
2026-01-31,UPI,Transport,227.0,January,366793.66,2026,2026-01
2026-01-31,UPI,Food,380.0,January,367173.66,2026,2026-01
2026-01-30,UPI,Food,10.0,January,366566.66,2026,2026-01
2026-01-29,UPI,Food,21.0,January,366556.66,2026,2026-01
2026-01-28,UPI,Food,29.0,January,366535.66,2026,2026-01
2026-01-26,UPI,Gift,230.0,January,366506.66,2026,2026-01
2026-01-26,UPI,Party,520.0,January,366276.66,2026,2026-01
2026-01-23,UPI,Party,200.0,January,365756.66,2026,2026-01
2026-01-23,UPI,Food,70.0,January,365556.66,2026,2026-01
2026-01-22,UPI,Food,44.0,January,365486.66,2026,2026-01
2026-01-21,UPI,Food,38.0,2026-01,365442.66,2026,2026-01
2026-01-21,UPI,Other,75.0,2026-01,365442.66,2026,2026-01
2026-01-20,UPI,Food,8.0,2026-01,365329.66,2026,2026-01
2026-01-19,UPI,Food,171.0,2026-01,365321.66,2026,2026-01
2026-01-19,UPI,Transport,340.7,2026-01,365321.66,2026,2026-01
2026-01-16,UPI,Food,90.0,2026-01,364809.96,2026,2026-01
2026-01-15,UPI,Food,84.0,2026-01,364719.96,2026,2026-01
2026-01-15,UPI,Food,19.0,2026-01,364719.96,2026,2026-01
2026-01-14,UPI,Food,26.0,2026-01,364616.96,2026,2026-01
2026-01-13,UPI,Transport,600.0,2026-01,364590.96,2026,2026-01
2026-01-13,UPI,Transport,416.0,2026-01,364590.96,2026,2026-01
2026-01-12,UPI,Food,21.0,2026-01,363574.96,2026,2026-01
2026-01-11,UPI,Party_Weekend,44.0,2026-01,363553.96,2026,2026-01
2026-01-11,UPI,Transport,340.0,2026-01,363553.96,2026,2026-01
2026-01-09,UPI,Apparel,370.0,2026-01,363169.96,2026,2026-01
2026-01-09,UPI,Gift,65.0,2026-01,363169.96,2026,2026-01
2026-01-09,UPI,Food,15.0,2026-01,363169.96,2026,2026-01
2026-01-09,UPI,Beauty,332.0,2026-01,363169.96,2026,2026-01
2026-01-09,UPI,Food,35.0,2026-01,363169.96,2026,2026-01
2026-01-09,UPI,Food,19.0,2026-01,363169.96,2026,2026-01
2026-01-08,UPI,Food,23.0,2026-01,362333.96,2026,2026-01
2026-01-07,UPI,Food,16.0,2026-01,362310.96,2026,2026-01
2026-01-06,UPI,Food,75.0,2026-01,362294.96,2026,2026-01
2026-01-05,UPI,Food,10.0,2026-01,362219.96,2026,2026-01
2026-01-04,UPI,Beauty,854.0,2026-01,362209.96,2026,2026-01
2026-01-03,UPI,Transport,520.0,2026-01,361355.96,2026,2026-01
2026-01-03,UPI,Recharge,588.0,2026-01,361355.96,2026,2026-01
2026-01-03,UPI,Food,125.0,2026-01,361355.96,2026,2026-01
2026-01-02,UPI,Food,17.0,2026-01,360122.96,2026,2026-01
2026-01-02,UPI,Rent,11505.0,2026-01,360122.96,2026,2026-01
2026-01-01,UPI,Food,1080.0,2026-01,348600.96,2026,2026-01
2026-01-01,UPI,Party,230.0,2026-01,348600.96,2026,2026-01
2026-01-01,UPI,Gift,300.0,2026-01,348600.96,2026,2026-01
2025-12-31,UPI,Food,11.0,2025-12,346990.96,2025,2025-12
2025-12-31,UPI,Food,50.0,2025-12,346990.96,2025,2025-12
2025-12-30,UPI,Food,56.0,2025-12,346929.96,2025,2025-12
2025-12-29,UPI,Food,12.0,2025-12,346873.96,2025,2025-12
2025-12-29,UPI,Food,14.0,2025-12,346873.96,2025,2025-12
2025-12-29,UPI,Food,92.0,2025-12,346873.96,2025,2025-12
2025-12-29,UPI,Transport,180.0,2025-12,346873.96,2025,2025-12
2025-12-28,UPI,Transport,547.0,2025-12,346575.96,2025,2025-12
2025-12-28,UPI,Food,130.0,2025-12,346575.96,2025,2025-12
2025-12-28,UPI,Recharge,849.0,2025-12,346575.96,2025,2025-12
2025-12-27,UPI,Food,50.0,2025-12,345049.96,2025,2025-12
2025-12-27,UPI,Food,15.0,2025-12,345049.96,2025,2025-12
2025-12-27,UPI,Other,85.0,2025-12,345049.96,2025,2025-12
2025-12-25,Upi,Transport,227.0,2025-12,344899.96,2025,2025-12
2025-12-24,Upi,Gift,250.0,2025-12,344672.96,2025,2025-12
2025-12-24,Upi,Party,144.0,2025-12,344672.96,2025,2025-12
2025-12-24,Upi,Food,182.0,2025-12,344672.96,2025,2025-12
2025-12-24,Upi,Food,34.0,2025-12,344672.96,2025,2025-12
2025-12-23,Upi,Food,101.0,2025-12,344062.96,2025,2025-12
2025-12-23,Upi,Gift,120.0,2025-12,344062.96,2025,2025-12
2025-12-22,Upi,Food,473.0,2025-12,343841.96,2025,2025-12
2025-12-22,Upi,Food,26.0,2025-12,343841.96,2025,2025-12
2025-12-22,Upi,Health,1500.0,2025-12,343841.96,2025,2025-12
2025-12-21,Upi,Transport,532.0,2025-12,341842.96,2025,2025-12
2025-12-19,Upi,Food,16.0,2025-12,341310.96,2025,2025-12
2025-12-19,Upi,Food,37.0,2025-12,341310.96,2025,2025-12
2025-12-18,Upi,Food,30.0,2025-12,341257.96,2025,2025-12
2025-12-18,Upi,Food,16.0,2025-12,341257.96,2025,2025-12
2025-12-17,Upi,Food,19.0,2025-12,341211.96,2025,2025-12
2025-12-16,Upi,Food,55.0,2025-12,341192.96,2025,2025-12
2025-12-16,Upi,Gift,125.0,2025-12,341192.96,2025,2025-12
2025-12-16,Upi,Party,855.0,2025-12,341192.96,2025,2025-12
2025-12-15,Cash,Transport,504.0,2025-12,340157.96,2025,2025-12
2025-12-15,Upi,Beauty,110.0,2025-12,340157.96,2025,2025-12
2025-12-14,Upi,Food,80.0,2025-12,339543.96,2025,2025-12
2025-12-13,Upi,Food,35.0,2025-12,339463.96,2025,2025-12
2025-12-12,Upi,Food,21.0,2025-12,339428.96,2025,2025-12
2025-12-12,Upi,Food,12.0,2025-12,339428.96,2025,2025-12
2025-12-11,Upi,Food,24.0,2025-12,339395.96,2025,2025-12
2025-12-10,Upi,Food,25.0,2025-12,339371.96,2025,2025-12
2025-12-10,Upi,Food,11.0,2025-12,339371.96,2025,2025-12
2025-12-10,Upi,Food,60.0,2025-12,339371.96,2025,2025-12
2025-12-09,UPI,Food,10.0,2025-12,339275.96,2025,2025-12
2025-12-09,UPI,Food,16.0,2025-12,339275.96,2025,2025-12
2025-12-08,Upi,Food,10.0,2025-12,339249.96,2025,2025-12
2025-12-08,Upi,Food,16.0,2025-12,339249.96,2025,2025-12
2025-12-07,Upi,Transport,160.0,2025-12,339223.96,2025,2025-12
2025-12-07,Upi,Food,40.0,2025-12,339223.96,2025,2025-12
2025-12-07,Upi,Transport,160.0,2025-12,339223.96,2025,2025-12
2025-12-06,Upi,Food,321.0,2025-12,338863.96,2025,2025-12
2025-12-06,Upi,Transport,538.0,2025-12,338863.96,2025,2025-12
2025-12-05,Upi,Food,26.0,2025-12,338004.96,2025,2025-12
2025-12-04,Upi,Food,10.0,2025-12,337978.96,2025,2025-12
2025-12-04,Upi,Gift,209.0,2025-12,337978.96,2025,2025-12
2025-12-04,Upi,Food,16.0,2025-12,337978.96,2025,2025-12
2025-12-03,Upi,Recharge,588.0,2025-12,337743.96,2025,2025-12
2025-12-03,Upi,Food,21.0,2025-12,337743.96,2025,2025-12
2025-12-02,Upi,Rent,171.0,2025-12,337134.96,2025,2025-12
2025-12-02,Upi,Food,50.0,2025-12,337134.96,2025,2025-12
2025-12-01,Upi,Food,26.0,2025-12,336913.96,2025,2025-12
2025-12-01,Upi,Food,355.0,2025-12,336913.96,2025,2025-12
2025-12-01,Upi,Recharge,588.0,2025-12,336913.96,2025,2025-12
2025-12-01,Upi,Rent,11400.0,2025-12,336913.96,2025,2025-12
2025-12-01,Upi,Food,8.0,2025-12,336913.96,2025,2025-12
2025-12-01,Upi,Food,1100.0,2025-12,336913.96,2025,2025-12
2025-11-30,Upi,Food,203.0,2025-11,323436.96,2025,2025-11
2025-11-29,Upi,Food,298.0,2025-11,323233.96,2025,2025-11
2025-11-29,Upi,Transport,421.0,2025-11,323233.96,2025,2025-11
2025-11-28,Upi,Food,230.0,2025-11,322514.96,2025,2025-11
2025-11-28,Upi,Food,10.0,2025-11,322514.96,2025,2025-11
2025-11-27,Upi,Food,10.0,2025-11,322274.96,2025,2025-11
2025-11-27,Upi,Food,11.0,2025-11,322274.96,2025,2025-11
2025-11-26,Upi,Gift,204.0,2025-11,322253.96,2025,2025-11
2025-11-25,Upi,Food,413.0,2025-11,322049.96,2025,2025-11
2025-11-24,Upi,Food,11.0,2025-11,321636.96,2025,2025-11
2025-11-24,Upi,Food,25.0,2025-11,321636.96,2025,2025-11
2025-11-23,Upi,Transport,510.0,2025-11,321600.96,2025,2025-11
2025-11-23,Upi,Other,110.0,2025-11,321600.96,2025,2025-11
2025-11-22,Upi,Food,400.0,2025-11,320980.96,2025,2025-11
2025-11-21,Upi,Food,23.0,2025-11,320580.96,2025,2025-11
2025-11-19,Upi,Food,29.0,2025-11,320557.96,2025,2025-11
2025-11-19,Upi,Recharge,471.0,2025-11,320557.96,2025,2025-11
2025-11-18,Upi,Food,400.0,2025-11,320057.96,2025,2025-11
2025-11-18,Upi,Gift,400.0,2025-11,320057.96,2025,2025-11
2025-11-18,Upi,Food,72.0,2025-11,320057.96,2025,2025-11
2025-11-17,Upi,Food,10.0,2025-11,319185.96,2025,2025-11
2025-11-16,Upi,Transport,194.0,2025-11,319175.96,2025,2025-11
2025-11-15,Upi,Food,147.0,2025-11,318981.96,2025,2025-11
2025-11-15,Upi,Social Life,162.0,2025-11,318981.96,2025,2025-11
2025-11-14,Upi,Food,92.0,2025-11,318672.96,2025,2025-11
2025-11-14,Upi,Transport,503.0,2025-11,318672.96,2025,2025-11
2025-11-13,Upi,Food,11.0,2025-11,318077.96,2025,2025-11
2025-11-12,Upi,Gift,198.0,2025-11,318066.96,2025,2025-11
2025-11-12,Upi,Transport,300.0,2025-11,318066.96,2025,2025-11
2025-11-11,Upi,Transport,450.0,2025-11,317568.96,2025,2025-11
2025-11-10,Upi,Food,23.0,2025-11,317118.96,2025,2025-11
2025-11-10,Cash,Food,187.0,2025-11,317118.96,2025,2025-11
2025-11-09,Upi,Food,385.0,2025-11,316908.96,2025,2025-11
2025-11-09,Upi,Transport,100.0,2025-11,316908.96,2025,2025-11
2025-11-08,Upi,Food,152.0,2025-11,316423.96,2025,2025-11
2025-11-08,Upi,Transport,385.0,2025-11,316423.96,2025,2025-11
2025-11-08,Upi,Transport,397.0,2025-11,316423.96,2025,2025-11
2025-11-06,Upi,Food,140.0,2025-11,315489.96,2025,2025-11
2025-11-06,Upi,Food,74.0,2025-11,315489.96,2025,2025-11
2025-11-06,Upi,Transport,200.0,2025-11,315489.96,2025,2025-11
2025-11-05,Upi,Food,27.0,2025-11,315075.96,2025,2025-11
2025-11-04,Upi,Food,31.0,2025-11,315048.96,2025,2025-11
2025-11-03,Upi,Food,1100.0,2025-11,315017.96,2025,2025-11
2025-11-03,Upi,Food,21.0,2025-11,315017.96,2025,2025-11
2025-11-01,Upi,Transport,1400.0,2025-11,313896.96,2025,2025-11
2025-11-01,Upi,Transport,478.0,2025-11,313896.96,2025,2025-11
2025-11-01,Upi,Rent,6149.0,2025-11,313896.96,2025,2025-11
2025-11-01,Upi,Recharge,588.0,2025-11,313896.96,2025,2025-11
2025-10-30,Upi,Recharge,230.0,2025-10,305281.96,2025,2025-10
2025-10-30,Upi,Food,37.0,2025-10,305281.96,2025,2025-10
2025-10-30,Upi,Food,25.0,2025-10,305281.96,2025,2025-10
2025-10-29,Upi,Food,17.0,2025-10,304989.96,2025,2025-10
2025-10-29,Upi,Food,160.0,2025-10,304989.96,2025,2025-10
2025-10-28,Upi,Food,318.0,2025-10,304812.96,2025,2025-10
2025-10-28,Upi,Food,25.0,2025-10,304812.96,2025,2025-10
2025-10-27,Upi,Food,11.0,2025-10,304469.96,2025,2025-10
2025-10-27,Upi,Food,10.0,2025-10,304469.96,2025,2025-10
2025-10-26,Upi,Food,535.0,2025-10,304448.96,2025,2025-10
2025-10-26,Upi,Food,110.0,2025-10,304448.96,2025,2025-10
2025-10-25,Upi,Transport,200.0,2025-10,303803.96,2025,2025-10
2025-10-24,Upi,Food,414.0,2025-10,303603.96,2025,2025-10
2025-10-23,Upi,Food,19.0,2025-10,303189.96,2025,2025-10
2025-10-22,Upi,Food,21.0,2025-10,303170.96,2025,2025-10
2025-10-21,Cash,Food,21.0,2025-10,303149.96,2025,2025-10
2025-10-21,Upi,Transport,400.0,2025-10,303149.96,2025,2025-10
2025-10-20,Upi,Other,800.0,2025-10,302728.96,2025,2025-10
2025-10-18,Upi,Food,319.0,2025-10,301928.96,2025,2025-10
2025-10-18,Upi,Food,132.0,2025-10,301928.96,2025,2025-10
2025-10-17,Upi,Gift,399.0,2025-10,301477.96,2025,2025-10
2025-10-17,Upi,Transport,200.0,2025-10,301477.96,2025,2025-10
2025-10-16,Upi,Food,49.0,2025-10,300878.96,2025,2025-10
2025-10-15,Upi,Household,338.0,2025-10,300829.96,2025,2025-10
2025-10-14,Upi,Food,130.0,2025-10,300491.96,2025,2025-10
2025-10-13,Upi,Food,36.0,2025-10,300361.96,2025,2025-10
2025-10-12,Upi,Food,223.0,2025-10,300325.96,2025,2025-10
2025-10-11,Upi,Food,160.0,2025-10,300102.96,2025,2025-10
2025-10-11,Upi,Transport,380.0,2025-10,300102.96,2025,2025-10
2025-10-10,Upi,Food,10.0,2025-10,299562.96,2025,2025-10
2025-10-10,Upi,Food,11.0,2025-10,299562.96,2025,2025-10
2025-10-09,Upi,Food,110.0,2025-10,299541.96,2025,2025-10
2025-10-07,Upi,Food,36.0,2025-10,299431.96,2025,2025-10
2025-10-06,Upi,Food,140.0,2025-10,299395.96,2025,2025-10
2025-10-06,Upi,Food,10.0,2025-10,299395.96,2025,2025-10
2025-10-05,Upi,Recharge,859.0,2025-10,299245.96,2025,2025-10
2025-10-03,Upi,Food,25.0,2025-10,298386.96,2025,2025-10
2025-10-01,Upi,Food,1080.0,2025-10,298361.96,2025,2025-10
2025-10-01,Upi,Recharge,340.0,2025-10,298361.96,2025,2025-10
2025-10-01,Upi,Recharge,294.0,2025-10,298361.96,2025,2025-10
2025-10-01,Upi,Food,300.0,2025-10,298361.96,2025,2025-10
2025-10-01,Upi,Food,247.0,2025-10,298361.96,2025,2025-10
2025-10-01,Upi,Transport,300.0,2025-10,298361.96,2025,2025-10
2025-10-01,Upi,Rent,6060.0,2025-10,298361.96,2025,2025-10
2025-09-30,Upi,Food,520.0,2025-09,289740.96,2025,2025-09
2025-09-30,Upi,Household,671.0,2025-09,289740.96,2025,2025-09
2025-09-30,Upi,Transport,470.0,2025-09,289740.96,2025,2025-09
2025-09-29,Upi,Food,811.0,2025-09,288079.96,2025,2025-09
2025-09-25,Upi,Food,46.0,2025-09,287268.96,2025,2025-09
2025-09-24,Upi,Food,41.0,2025-09,287222.96,2025,2025-09
2025-09-22,Upi,Food,21.0,2025-09,287181.96,2025,2025-09
2025-09-19,Upi,Recharge,471.0,2025-09,287160.96,2025,2025-09
2025-09-18,Upi,Food,22.0,2025-09,286689.96,2025,2025-09
2025-09-17,Upi,Household,417.0,2025-09,286667.96,2025,2025-09
2025-09-15,Upi,Apparel,225.0,2025-09,286250.96,2025,2025-09
2025-09-15,Upi,Food,433.0,2025-09,286250.96,2025,2025-09
2025-09-13,Upi,Transport,400.0,2025-09,285592.96,2025,2025-09
2025-09-11,Upi,Food,60.0,2025-09,285192.96,2025,2025-09
2025-09-09,Upi,Food,36.0,2025-09,285132.96,2025,2025-09
2025-09-08,Upi,Food,25.0,2025-09,285096.96,2025,2025-09
2025-09-08,Upi,Transport,175.0,2025-09,285096.96,2025,2025-09
2025-09-07,Upi,Food,80.0,2025-09,284896.96,2025,2025-09
2025-09-06,Upi,Household,130.0,2025-09,284816.96,2025,2025-09
2025-09-06,Upi,Gift,1052.0,2025-09,284816.96,2025,2025-09
2025-09-05,Upi,Food,15.0,2025-09,283634.96,2025,2025-09
2025-09-04,Upi,Food,175.0,2025-09,283619.96,2025,2025-09
2025-09-04,Upi,Transport,300.0,2025-09,283619.96,2025,2025-09
2025-09-03,Upi,Food,100.0,2025-09,283144.96,2025,2025-09
2025-09-03,Upi,Food,25.0,2025-09,283144.96,2025,2025-09
2025-09-03,Upi,Recharge,588.0,2025-09,283144.96,2025,2025-09
2025-09-02,Upi,Food,30.0,2025-09,282431.96,2025,2025-09
2025-09-01,Upi,Food,1080.0,2025-09,282401.96,2025,2025-09
2025-09-01,Upi,Food,35.0,2025-09,282401.96,2025,2025-09
2025-09-01,Upi,Rent,10517.0,2025-09,282401.96,2025,2025-09
2025-09-01,Upi,Transport,95.0,2025-09,282401.96,2025,2025-09
2025-08-29,Upi,Transport,2790.0,2025-08,270674.96,2025,2025-08
2025-08-27,Upi,Gift,427.0,2025-08,267884.96,2025,2025-08
2025-08-27,Upi,Food,166.0,2025-08,267884.96,2025,2025-08
2025-08-23,Upi,Transport,4200.0,2025-08,267291.96,2025,2025-08
2025-08-23,Upi,Transport,400.0,2025-08,267291.96,2025,2025-08
2025-08-22,Upi,Transport,2100.0,2025-08,262691.96,2025,2025-08
2025-08-21,Upi,Apparel,833.0,2025-08,260591.96,2025,2025-08
2025-08-20,Upi,Food,96.0,2025-08,259758.96,2025,2025-08
2025-08-19,Upi,Food,90.0,2025-08,259662.96,2025,2025-08
2025-08-19,Upi,Recharge,471.0,2025-08,259662.96,2025,2025-08
2025-08-18,Upi,Food,181.0,2025-08,259101.96,2025,2025-08
2025-08-15,Upi,Apparel,704.0,2025-08,258920.96,2025,2025-08
2025-08-12,Upi,Food,25.0,2025-08,258216.96,2025,2025-08
2025-08-12,Upi,Apparel,356.0,2025-08,258216.96,2025,2025-08
2025-08-10,Upi,Transport,400.0,2025-08,257835.96,2025,2025-08
2025-08-10,Upi,Food,750.0,2025-08,257835.96,2025,2025-08
2025-08-10,Upi,Apparel,499.0,2025-08,257835.96,2025,2025-08
2025-08-08,Upi,Food,35.0,2025-08,256186.96,2025,2025-08
2025-08-07,Upi,Transport,314.0,2025-08,256151.96,2025,2025-08
2025-08-06,Upi,Food,10.0,2025-08,255837.96,2025,2025-08
2025-08-05,Upi,Gift,211.0,2025-08,255827.96,2025,2025-08
2025-08-04,Upi,Food,214.0,2025-08,255616.96,2025,2025-08
2025-08-03,Upi,Recharge,588.0,2025-08,255402.96,2025,2025-08
2025-08-03,Upi,Food,210.0,2025-08,255402.96,2025,2025-08
2025-08-02,Upi,Rent,649.0,2025-08,254604.96,2025,2025-08
2025-08-02,Upi,Beauty,288.0,2025-08,254604.96,2025,2025-08
2025-08-02,Upi,Transport,501.0,2025-08,254604.96,2025,2025-08
2025-08-01,Upi,Food,900.0,2025-08,253166.96,2025,2025-08
2025-08-01,Upi,Recharge,899.0,2025-08,253166.96,2025,2025-08
2025-07-31,Upi,Food,127.0,2025-07,251367.96,2025,2025-07
2025-07-31,Upi,Food,1000.0,2025-07,251367.96,2025,2025-07
2025-07-30,Upi,Food,475.0,2025-07,250240.96,2025,2025-07
2025-07-29,Upi,Food,45.0,2025-07,249765.96,2025,2025-07
2025-07-28,Upi,Food,276.0,2025-07,249720.96,2025,2025-07
2025-07-28,Upi,Food,11.0,2025-07,249720.96,2025,2025-07
2025-07-28,Upi,Transport,400.0,2025-07,249720.96,2025,2025-07
2025-07-24,Upi,Food,11.0,2025-07,249033.96,2025,2025-07
2025-07-24,Upi,Household,824.0,2025-07,249033.96,2025,2025-07
2025-07-24,Upi,Food,189.0,2025-07,249033.96,2025,2025-07
2025-07-24,Upi,Apparel,390.0,2025-07,249033.96,2025,2025-07
2025-07-22,Upi,Food,11.0,2025-07,247619.96,2025,2025-07
2025-07-21,Upi,Food,30.0,2025-07,247608.96,2025,2025-07
2025-07-21,Upi,Food,185.0,2025-07,247608.96,2025,2025-07
2025-07-21,Upi,Transport,200.0,2025-07,247608.96,2025,2025-07
2025-07-20,Upi,Social Life,1500.0,2025-07,247193.96,2025,2025-07
2025-07-20,Upi,Recharge,471.0,2025-07,247193.96,2025,2025-07
2025-07-17,Upi,Food,145.0,2025-07,245222.96,2025,2025-07
2025-07-17,Upi,Food,400.0,2025-07,245222.96,2025,2025-07
2025-07-16,Upi,Transport,400.0,2025-07,244677.96,2025,2025-07
2025-07-15,Upi,Food,101.0,2025-07,244277.96,2025,2025-07
2025-07-10,Upi,Food,31.0,2025-07,244176.96,2025,2025-07
2025-07-09,Upi,Health,300.0,2025-07,244145.96,2025,2025-07
2025-07-09,Upi,Social Life,398.0,2025-07,244145.96,2025,2025-07
2025-07-08,Upi,Food,140.0,2025-07,243447.96,2025,2025-07
2025-07-08,Upi,Recharge,548.0,2025-07,243447.96,2025,2025-07
2025-07-07,Upi,Transport,447.0,2025-07,242759.96,2025,2025-07
2025-07-05,Upi,Recharge,588.0,2025-07,242312.96,2025,2025-07
2025-07-05,Upi,Food,255.0,2025-07,242312.96,2025,2025-07
2025-07-04,Upi,Food,99.0,2025-07,241469.96,2025,2025-07
2025-07-02,Upi,Rent,11679.0,2025-07,241370.96,2025,2025-07
2025-07-02,Upi,Household,428.0,2025-07,241370.96,2025,2025-07
2025-07-02,Upi,Transport,491.0,2025-07,241370.96,2025,2025-07
2025-07-01,Upi,Food,45.0,2025-07,228772.96,2025,2025-07
2025-06-30,Upi,Food,22.0,2025-06,228727.96,2025,2025-06
2025-06-25,Upi,Food,60.0,2025-06,228705.96,2025,2025-06
2025-06-25,Upi,Transport,487.0,2025-06,228705.96,2025,2025-06
2025-06-25,Upi,Food,60.0,2025-06,228705.96,2025,2025-06
2025-06-23,Upi,Food,30.0,2025-06,228098.96,2025,2025-06
2025-06-20,Upi,Food,53.0,2025-06,228068.96,2025,2025-06
2025-06-19,Upi,Food,80.0,2025-06,228015.96,2025,2025-06
2025-06-18,Upi,Food,108.0,2025-06,227935.96,2025,2025-06
2025-06-17,Upi,Food,144.0,2025-06,227827.96,2025,2025-06
2025-06-17,Upi,Beauty,350.0,2025-06,227827.96,2025,2025-06
2025-06-17,Upi,Food,100.0,2025-06,227827.96,2025,2025-06
2025-06-16,Upi,Food,105.0,2025-06,227233.96,2025,2025-06
2025-06-15,Upi,Transport,400.0,2025-06,227128.96,2025,2025-06
2025-06-15,Upi,Beauty,852.0,2025-06,227128.96,2025,2025-06
2025-06-15,Upi,Food,146.0,2025-06,227128.96,2025,2025-06
2025-06-12,Upi,Food,90.0,2025-06,225730.96,2025,2025-06
2025-06-12,Upi,Food,60.0,2025-06,225730.96,2025,2025-06
2025-06-12,Upi,Apparel,199.0,2025-06,225730.96,2025,2025-06
2025-06-11,Upi,Transport,300.0,2025-06,225381.96,2025,2025-06
2025-06-10,Upi,Food,45.0,2025-06,225081.96,2025,2025-06
2025-06-10,Upi,Food,54.0,2025-06,225081.96,2025,2025-06
2025-06-09,Upi,Food,87.0,2025-06,224982.96,2025,2025-06
2025-06-08,Upi,Recharge,1136.0,2025-06,224895.96,2025,2025-06
2025-06-07,Upi,Other,550.0,2025-06,223759.96,2025,2025-06
2025-06-07,Upi,Transport,400.0,2025-06,223759.96,2025,2025-06
2025-06-06,Upi,Food,144.0,2025-06,222809.96,2025,2025-06
2025-06-05,Upi,Food,30.0,2025-06,222665.96,2025,2025-06
2025-06-05,Upi,Education,259.0,2025-06,222665.96,2025,2025-06
2025-06-05,Upi,Food,90.0,2025-06,222665.96,2025,2025-06
2025-06-03,Upi,Food,87.0,2025-06,222286.96,2025,2025-06
2025-06-02,Upi,Transport,300.0,2025-06,222199.96,2025,2025-06
2025-06-02,Upi,Apparel,3999.0,2025-06,222199.96,2025,2025-06
2025-06-02,Upi,Food,121.0,2025-06,222199.96,2025,2025-06
2025-06-01,Upi,Rent,11649.0,2025-06,217779.96,2025,2025-06
2025-05-30,Upi,Food,20.0,2025-05,206130.96,2025,2025-05
2025-05-29,Upi,Food,30.0,2025-05,206110.96,2025,2025-05
2025-05-29,Upi,Apparel,-210.0,2025-05,206110.96,2025,2025-05
2025-05-29,Upi,Household,246.0,2025-05,206110.96,2025,2025-05
2025-05-28,Upi,Food,115.0,2025-05,206044.96,2025,2025-05
2025-05-27,Upi,Food,64.0,2025-05,205929.96,2025,2025-05
2025-05-27,Upi,Food,70.0,2025-05,205929.96,2025,2025-05
2025-05-25,Upi,Transport,300.0,2025-05,205795.96,2025,2025-05
2025-05-25,Upi,Beauty,210.0,2025-05,205795.96,2025,2025-05
2025-05-25,Upi,Food,1985.0,2025-05,205795.96,2025,2025-05
2025-05-25,Upi,Apparel,198.0,2025-05,205795.96,2025,2025-05
2025-05-24,Upi,Other,424.0,2025-05,203102.96,2025,2025-05
2025-05-23,Upi,Food,93.0,2025-05,202678.96,2025,2025-05
2025-05-22,Upi,Food,11.0,2025-05,202585.96,2025,2025-05
2025-05-21,Upi,Recharge,219.0,2025-05,202574.96,2025,2025-05
2025-05-21,Upi,Transport,300.0,2025-05,202574.96,2025,2025-05
2025-05-21,Upi,Food,120.0,2025-05,202574.96,2025,2025-05
2025-05-20,Upi,Food,168.0,2025-05,201935.96,2025,2025-05
2025-05-20,Upi,Household,120.0,2025-05,201935.96,2025,2025-05
2025-05-20,Upi,Food,25.0,2025-05,201935.96,2025,2025-05
2025-05-20,Upi,Food,168.0,2025-05,201935.96,2025,2025-05
2025-05-20,Upi,Food,25.0,2025-05,201935.96,2025,2025-05
2025-05-18,Upi,Food,240.0,2025-05,201429.96,2025,2025-05
2025-05-18,Upi,Other,100.0,2025-05,201429.96,2025,2025-05
2025-05-18,Upi,Recharge,471.0,2025-05,201429.96,2025,2025-05
2025-05-17,Upi,Beauty,279.0,2025-05,200618.96,2025,2025-05
2025-05-15,Upi,Food,40.0,2025-05,200339.96,2025,2025-05
2025-05-14,Upi,Food,438.0,2025-05,200299.96,2025,2025-05
2025-05-13,Upi,Food,16.0,2025-05,199861.96,2025,2025-05
2025-05-13,Upi,Recharge,100.0,2025-05,199861.96,2025,2025-05
2025-05-08,Upi,Apparel,25.0,2025-05,199745.96,2025,2025-05
2025-05-08,Upi,Food,150.0,2025-05,199745.96,2025,2025-05
2025-05-08,Upi,Food,150.0,2025-05,199745.96,2025,2025-05
2025-05-08,Upi,Transport,434.0,2025-05,199745.96,2025,2025-05
2025-05-07,Upi,Food,22.0,2025-05,198986.96,2025,2025-05
2025-05-07,Upi,Food,218.0,2025-05,198986.96,2025,2025-05
2025-05-06,Upi,Food,60.0,2025-05,198746.96,2025,2025-05
2025-05-06,Upi,Food,22.0,2025-05,198746.96,2025,2025-05
2025-05-05,Upi,Food,103.0,2025-05,198664.96,2025,2025-05
2025-05-03,Upi,Recharge,589.0,2025-05,198561.96,2025,2025-05
2025-05-02,Upi,Rent,11670.0,2025-05,197972.96,2025,2025-05
2025-04-30,Upi,Food,1080.0,2025-04,186302.96,2025,2025-04
2025-04-29,Upi,Food,50.0,2025-04,185222.96,2025,2025-04
2025-04-27,Upi,Other,999.0,2025-04,185172.96,2025,2025-04
2025-04-27,Upi,Food,72.0,2025-04,185172.96,2025,2025-04
2025-04-26,Upi,Food,150.0,2025-04,184101.96,2025,2025-04
2025-04-25,Upi,Transport,389.0,2025-04,183951.96,2025,2025-04
2025-04-24,Upi,Food,16.0,2025-04,183562.96,2025,2025-04
2025-04-23,Upi,Food,40.0,2025-04,183546.96,2025,2025-04
2025-04-23,Upi,Recharge,220.0,2025-04,183546.96,2025,2025-04
2025-04-23,Upi,Household,90.0,2025-04,183546.96,2025,2025-04
2025-04-22,Upi,Food,357.0,2025-04,183196.96,2025,2025-04
2025-04-21,Upi,Food,11.0,2025-04,182839.96,2025,2025-04
2025-04-20,Upi,Food,150.0,2025-04,182828.96,2025,2025-04
2025-04-20,Upi,Transport,300.0,2025-04,182828.96,2025,2025-04
2025-04-19,Upi,Apparel,1098.0,2025-04,182378.96,2025,2025-04
2025-04-18,Upi,Food,50.0,2025-04,181280.96,2025,2025-04
2025-04-18,Upi,Recharge,470.82,2025-04,181280.96,2025,2025-04
2025-04-18,Upi,Transport,100.0,2025-04,181280.96,2025,2025-04
2025-04-18,Upi,Apparel,699.0,2025-04,181280.96,2025,2025-04
2025-04-18,Upi,Food,265.0,2025-04,181280.96,2025,2025-04
2025-04-17,Upi,Food,161.0,2025-04,179696.14,2025,2025-04
2025-04-16,Upi,Apparel,-2500.0,2025-04,179535.14,2025,2025-04
2025-04-16,Upi,Food,15.0,2025-04,179535.14,2025,2025-04
2025-04-16,Upi,Food,72.0,2025-04,179535.14,2025,2025-04
2025-04-16,Upi,Transport,300.0,2025-04,179535.14,2025,2025-04
2025-04-15,Upi,Food,15.0,2025-04,181648.14,2025,2025-04
2025-04-15,Upi,Apparel,399.0,2025-04,181648.14,2025,2025-04
2025-04-15,Upi,Food,35.0,2025-04,181648.14,2025,2025-04
2025-04-14,Upi,Food,11.0,2025-04,181199.14,2025,2025-04
2025-04-13,Upi,Food,215.0,2025-04,181188.14,2025,2025-04
2025-04-13,Upi,Food,125.0,2025-04,181188.14,2025,2025-04
2025-04-13,Upi,Recharge,219.0,2025-04,181188.14,2025,2025-04
2025-04-13,Upi,Beauty,401.0,2025-04,181188.14,2025,2025-04
2025-04-12,Upi,Transport,100.0,2025-04,180228.14,2025,2025-04
2025-04-11,Upi,Food,21.0,2025-04,180128.14,2025,2025-04
2025-04-11,Upi,Food,20.0,2025-04,180128.14,2025,2025-04
2025-04-10,Upi,Food,230.0,2025-04,180087.14,2025,2025-04
2025-04-10,Upi,Food,45.0,2025-04,180087.14,2025,2025-04
2025-04-10,Upi,Recharge,448.0,2025-04,180087.14,2025,2025-04
2025-04-09,Upi,Food,120.0,2025-04,179364.14,2025,2025-04
2025-04-08,Upi,Food,45.0,2025-04,179244.14,2025,2025-04
2025-04-08,Upi,Food,30.0,2025-04,179244.14,2025,2025-04
2025-04-07,Upi,Food,20.0,2025-04,179169.14,2025,2025-04
2025-04-06,Upi,Transport,300.0,2025-04,179149.14,2025,2025-04
2025-04-06,Upi,Apparel,550.0,2025-04,179149.14,2025,2025-04
2025-04-05,Upi,Household,318.0,2025-04,178299.14,2025,2025-04
2025-04-04,Upi,Transport,300.0,2025-04,177981.14,2025,2025-04
2025-04-04,Upi,Food,31.0,2025-04,177981.14,2025,2025-04
2025-04-04,Upi,Food,190.0,2025-04,177981.14,2025,2025-04
2025-04-03,Upi,Food,209.0,2025-04,177460.14,2025,2025-04
2025-04-02,Upi,Food,220.0,2025-04,177251.14,2025,2025-04
2025-04-02,Upi,Food,31.0,2025-04,177251.14,2025,2025-04
2025-04-02,Upi,Food,50.0,2025-04,177251.14,2025,2025-04
2025-04-02,Upi,Food,230.0,2025-04,177251.14,2025,2025-04
2025-04-01,Upi,Food,11.0,2025-04,176720.14,2025,2025-04
2025-04-01,Upi,Apparel,600.0,2025-04,176720.14,2025,2025-04
2025-04-01,Upi,Food,760.0,2025-04,176720.14,2025,2025-04
2025-04-01,Upi,Rent,11686.0,2025-04,176720.14,2025,2025-04
2025-03-30,Upi,Food,280.0,2025-03,163663.14,2025,2025-03
2025-03-29,Upi,Other,360.0,2025-03,163383.14,2025,2025-03
2025-03-28,Upi,Transport,295.0,2025-03,163023.14,2025,2025-03
2025-03-27,Upi,Food,35.0,2025-03,162728.14,2025,2025-03
2025-03-26,Upi,Food,20.0,2025-03,162693.14,2025,2025-03
2025-03-25,Upi,Food,645.0,2025-03,162673.14,2025,2025-03
2025-03-24,Upi,Food,33.0,2025-03,162028.14,2025,2025-03
2025-03-23,Upi,Transport,374.0,2025-03,161995.14,2025,2025-03
2025-03-21,Upi,Food,20.0,2025-03,161621.14,2025,2025-03
2025-03-20,Upi,Transport,300.0,2025-03,161601.14,2025,2025-03
2025-03-20,Cash,Food,72.0,2025-03,161601.14,2025,2025-03
2025-03-19,Upi,Recharge,470.82,2025-03,161229.14,2025,2025-03
2025-03-19,Upi,Food,20.0,2025-03,161229.14,2025,2025-03
2025-03-19,Upi,Food,65.0,2025-03,161229.14,2025,2025-03
2025-03-19,Upi,Food,50.0,2025-03,161229.14,2025,2025-03
2025-03-18,Upi,Food,360.0,2025-03,160623.32,2025,2025-03
2025-03-18,Upi,Food,20.0,2025-03,160623.32,2025,2025-03
2025-03-18,Upi,Transport,50.0,2025-03,160623.32,2025,2025-03
2025-03-17,Upi,Food,25.0,2025-03,160193.32,2025,2025-03
2025-03-16,Upi,Recharge,249.0,2025-03,160168.32,2025,2025-03
2025-03-15,Upi,Food,247.0,2025-03,159919.32,2025,2025-03
2025-03-15,Upi,Transport,300.0,2025-03,159919.32,2025,2025-03
2025-03-13,Cash,Food,20.0,2025-03,159372.32,2025,2025-03
2025-03-13,Upi,Other,100.0,2025-03,159372.32,2025,2025-03
2025-03-12,Upi,Gift,158.0,2025-03,159252.32,2025,2025-03
2025-03-12,Upi,Gift,269.0,2025-03,159252.32,2025,2025-03
2025-03-12,Upi,Transport,300.0,2025-03,159252.32,2025,2025-03
2025-03-12,Upi,Food,25.0,2025-03,159252.32,2025,2025-03
2025-03-12,Upi,Beauty,237.0,2025-03,159252.32,2025,2025-03
2025-03-11,Upi,Food,78.0,2025-03,158263.32,2025,2025-03
2025-03-11,Upi,Beauty,260.0,2025-03,158263.32,2025,2025-03
2025-03-10,Upi,Food,11.0,2025-03,157925.32,2025,2025-03
2025-03-09,Upi,Social Life,220.0,2025-03,157914.32,2025,2025-03
2025-03-07,Upi,Transport,300.0,2025-03,157694.32,2025,2025-03
2025-03-06,Upi,Food,13.0,2025-03,157394.32,2025,2025-03
2025-03-05,Upi,Food,50.0,2025-03,157381.32,2025,2025-03
2025-03-05,Upi,Beauty,469.0,2025-03,157381.32,2025,2025-03
2025-03-05,Upi,Food,30.0,2025-03,157381.32,2025,2025-03
2025-03-04,Upi,Food,30.0,2025-03,156832.32,2025,2025-03
2025-03-04,Upi,Food,215.0,2025-03,156832.32,2025,2025-03
2025-03-03,Upi,Rent,11596.0,2025-03,156587.32,2025,2025-03
2025-03-03,Upi,Food,42.0,2025-03,156587.32,2025,2025-03
2025-03-01,Upi,Food,1040.0,2025-03,144949.32,2025,2025-03
2025-03-01,Upi,Recharge,220.0,2025-03,144949.32,2025,2025-03
2025-02-28,Upi,Food,106.0,2025-02,143689.32,2025,2025-02
2025-02-27,Upi,Food,150.0,2025-02,143583.32,2025,2025-02
2025-02-26,Upi,Food,36.0,2025-02,143433.32,2025,2025-02
2025-02-25,Upi,Food,100.0,2025-02,143397.32,2025,2025-02
2025-02-25,Upi,Transport,400.0,2025-02,143397.32,2025,2025-02
2025-02-25,Upi,Food,30.0,2025-02,143397.32,2025,2025-02
2025-02-24,Upi,Gift,422.0,2025-02,142867.32,2025,2025-02
2025-02-24,Upi,Food,65.0,2025-02,142867.32,2025,2025-02
2025-02-24,Upi,Food,46.0,2025-02,142867.32,2025,2025-02
2025-02-23,Upi,Social Life,150.0,2025-02,142334.32,2025,2025-02
2025-02-22,Upi,Transport,300.0,2025-02,142184.32,2025,2025-02
2025-02-22,Upi,Recharge,299.0,2025-02,142184.32,2025,2025-02
2025-02-22,Upi,Transport,3511.0,2025-02,142184.32,2025,2025-02
2025-02-20,Upi,Food,148.0,2025-02,138074.32,2025,2025-02
2025-02-20,Upi,Food,15.0,2025-02,138074.32,2025,2025-02
2025-02-19,Upi,Apparel,236.0,2025-02,137911.32,2025,2025-02
2025-02-19,Upi,Food,50.0,2025-02,137911.32,2025,2025-02
2025-02-19,Upi,Food,43.0,2025-02,137911.32,2025,2025-02
2025-02-18,Upi,Food,66.0,2025-02,137582.32,2025,2025-02
2025-02-18,Upi,Food,127.0,2025-02,137582.32,2025,2025-02
2025-02-17,Upi,Transport,200.0,2025-02,137389.32,2025,2025-02
2025-02-17,Upi,Food,16.0,2025-02,137389.32,2025,2025-02
2025-02-17,Upi,Food,20.0,2025-02,137389.32,2025,2025-02
2025-02-17,Upi,Recharge,471.0,2025-02,137389.32,2025,2025-02
2025-02-16,Upi,Recharge,249.0,2025-02,136682.32,2025,2025-02
2025-02-16,Upi,Food,60.0,2025-02,136682.32,2025,2025-02
2025-02-15,Upi,Food,100.0,2025-02,136373.32,2025,2025-02
2025-02-15,Upi,Transport,200.0,2025-02,136373.32,2025,2025-02
2025-02-14,Upi,Household,156.0,2025-02,136073.32,2025,2025-02
2025-02-14,Upi,Food,688.0,2025-02,136073.32,2025,2025-02
2025-02-14,Upi,Food,50.0,2025-02,136073.32,2025,2025-02
2025-02-13,Upi,Food,21.0,2025-02,135179.32,2025,2025-02
2025-02-13,Upi,Food,70.0,2025-02,135179.32,2025,2025-02
2025-02-12,Upi,Food,26.0,2025-02,135088.32,2025,2025-02
2025-02-11,Upi,Food,34.0,2025-02,135062.32,2025,2025-02
2025-02-10,Upi,Transport,300.0,2025-02,135028.32,2025,2025-02
2025-02-10,Upi,Food,140.0,2025-02,135028.32,2025,2025-02
2025-02-10,Upi,Food,71.0,2025-02,135028.32,2025,2025-02
2025-02-09,Upi,Transport,160.0,2025-02,134517.32,2025,2025-02
2025-02-09,Upi,Food,125.0,2025-02,134517.32,2025,2025-02
2025-02-09,Upi,Recharge,220.0,2025-02,134517.32,2025,2025-02
2025-02-07,Upi,Transport,200.0,2025-02,134012.32,2025,2025-02
2025-02-07,Upi,Food,52.0,2025-02,134012.32,2025,2025-02
2025-02-06,Upi,Food,56.0,2025-02,133760.32,2025,2025-02
2025-02-06,Upi,Food,55.0,2025-02,133760.32,2025,2025-02
2025-02-05,Upi,Food,74.0,2025-02,133649.32,2025,2025-02
2025-02-04,Upi,Food,95.0,2025-02,133575.32,2025,2025-02
2025-02-03,Cash,Food,42.0,2025-02,133480.32,2025,2025-02
2025-02-03,Upi,Social Life,195.0,2025-02,133480.32,2025,2025-02
2025-02-03,Upi,Food,1090.0,2025-02,133480.32,2025,2025-02
2025-02-02,Upi,Food,279.0,2025-02,132153.32,2025,2025-02
2025-02-01,Upi,Food,25.0,2025-02,131874.32,2025,2025-02
2025-02-01,Upi,Rent,11498.0,2025-02,131874.32,2025,2025-02
2025-02-01,Upi,Household,139.0,2025-02,131874.32,2025,2025-02
2025-01-31,Upi,Food,169.0,2025-01,120212.32,2025,2025-01
2025-01-30,Cash,Transport,300.0,2025-01,120043.32,2025,2025-01
2025-01-29,Upi,Food,105.0,2025-01,119743.32,2025,2025-01
2025-01-28,Cash,Food,85.0,2025-01,119638.32,2025,2025-01
2025-01-28,Upi,Food,253.0,2025-01,119638.32,2025,2025-01
2025-01-27,Upi,Food,35.0,2025-01,119300.32,2025,2025-01
2025-01-26,Upi,Food,60.0,2025-01,119265.32,2025,2025-01
2025-01-26,Upi,Transport,200.0,2025-01,119265.32,2025,2025-01
2025-01-26,Upi,Beauty,1119.0,2025-01,119265.32,2025,2025-01
2025-01-25,Upi,Food,120.0,2025-01,117886.32,2025,2025-01
2025-01-25,Upi,Food,351.0,2025-01,117886.32,2025,2025-01
2025-01-24,Cash,Food,45.0,2025-01,117415.32,2025,2025-01
2025-01-23,Upi,Food,52.0,2025-01,117370.32,2025,2025-01
2025-01-22,Upi,Food,20.0,2025-01,117318.32,2025,2025-01
2025-01-21,Upi,Food,40.0,2025-01,117298.32,2025,2025-01
2025-01-20,Upi,Social Life,310.0,2025-01,117258.32,2025,2025-01
2025-01-20,Upi,Transport,133.0,2025-01,117258.32,2025,2025-01
2025-01-20,Upi,Food,27.0,2025-01,117258.32,2025,2025-01
2025-01-20,Upi,Food,45.0,2025-01,117258.32,2025,2025-01
2025-01-19,Upi,Recharge,249.0,2025-01,116743.32,2025,2025-01
2025-01-19,Upi,Household,491.0,2025-01,116743.32,2025,2025-01
2025-01-19,Upi,Gift,500.0,2025-01,116743.32,2025,2025-01
2025-01-18,Upi,Social Life,510.0,2025-01,115503.32,2025,2025-01
2025-01-18,Upi,Transport,300.0,2025-01,115503.32,2025,2025-01
2025-01-17,Upi,Recharge,1271.0,2025-01,114693.32,2025,2025-01
2025-01-16,Upi,Food,77.0,2025-01,113422.32,2025,2025-01
2025-01-15,Cash,Transport,100.0,2025-01,113345.32,2025,2025-01
2025-01-15,Cash,Food,56.0,2025-01,113345.32,2025,2025-01
2025-01-15,Upi,Food,37.0,2025-01,113345.32,2025,2025-01
2025-01-14,Upi,Food,467.0,2025-01,113152.32,2025,2025-01
2025-01-14,Upi,Food,15.0,2025-01,113152.32,2025,2025-01
2025-01-14,Upi,Other,45.0,2025-01,113152.32,2025,2025-01
2025-01-13,Upi,Other,30.0,2025-01,112625.32,2025,2025-01
2025-01-13,Upi,Food,25.0,2025-01,112625.32,2025,2025-01
2025-01-13,Upi,Food,60.0,2025-01,112625.32,2025,2025-01
2025-01-13,Upi,Food,226.0,2025-01,112625.32,2025,2025-01
2025-01-12,Upi,Transport,300.0,2025-01,112284.32,2025,2025-01
2025-01-10,Cash,Food,50.0,2025-01,111984.32,2025,2025-01
2025-01-09,Cash,Food,57.0,2025-01,111934.32,2025,2025-01
2025-01-08,Upi,Transport,200.0,2025-01,111877.32,2025,2025-01
2025-01-08,Upi,Food,52.0,2025-01,111877.32,2025,2025-01
2025-01-07,Upi,Food,36.0,2025-01,111625.32,2025,2025-01
2025-01-05,Upi,Social Life,407.0,2025-01,111589.32,2025,2025-01
2025-01-03,Upi,Transport,400.0,2025-01,111182.32,2025,2025-01
2025-01-03,Cash,Food,42.0,2025-01,111182.32,2025,2025-01
2025-01-02,Upi,Food,35.0,2025-01,110740.32,2025,2025-01
2025-01-01,Upi,Rent,11517.0,2025-01,110705.32,2025,2025-01
2025-01-01,Upi,Food,180.0,2025-01,110705.32,2025,2025-01
2025-01-01,Upi,Apparel,608.5,2025-01,110705.32,2025,2025-01
2024-12-31,Upi,Food,43.0,2024-12,98399.82,2024,2024-12
2024-12-30,Cash,Food,43.0,2024-12,98356.82,2024,2024-12
2024-12-30,Upi,Recharge,509.0,2024-12,98356.82,2024,2024-12
2024-12-26,Upi,Food,27.0,2024-12,97804.82,2024,2024-12
2024-12-25,Upi,Food,606.0,2024-12,97777.82,2024,2024-12
2024-12-25,Upi,Transport,300.0,2024-12,97777.82,2024,2024-12
2024-12-24,Upi,Food,42.0,2024-12,96871.82,2024,2024-12
2024-12-23,Upi,Food,43.0,2024-12,96829.82,2024,2024-12
2024-12-23,Upi,Transport,300.0,2024-12,96829.82,2024,2024-12
2024-12-23,Upi,Food,105.0,2024-12,96829.82,2024,2024-12
2024-12-22,Upi,Transport,259.0,2024-12,96381.82,2024,2024-12
2024-12-22,Upi,Food,185.0,2024-12,96381.82,2024,2024-12
2024-12-22,Upi,Social Life,99.0,2024-12,96381.82,2024,2024-12
2024-12-21,Upi,Recharge,249.0,2024-12,95838.82,2024,2024-12
2024-12-20,Upi,Food,42.0,2024-12,95589.82,2024,2024-12
2024-12-19,Upi,Food,53.0,2024-12,95547.82,2024,2024-12
2024-12-18,Upi,Food,60.0,2024-12,95494.82,2024,2024-12
2024-12-18,Upi,Food,119.0,2024-12,95494.82,2024,2024-12
2024-12-18,Upi,Social Life,90.0,2024-12,95494.82,2024,2024-12
2024-12-17,Upi,Food,79.0,2024-12,95225.82,2024,2024-12
2024-12-17,Upi,Food,303.0,2024-12,95225.82,2024,2024-12
2024-12-16,Upi,Apparel,152.0,2024-12,94843.82,2024,2024-12
2024-12-16,Upi,Social Life,277.0,2024-12,94843.82,2024,2024-12
2024-12-15,Upi,Transport,300.0,2024-12,94414.82,2024,2024-12
2024-12-14,Upi,Beauty,842.0,2024-12,94114.82,2024,2024-12
2024-12-12,Upi,Food,27.0,2024-12,93272.82,2024,2024-12
2024-12-12,Cash,Food,100.0,2024-12,93272.82,2024,2024-12
2024-12-11,Upi,Food,53.0,2024-12,93145.82,2024,2024-12
2024-12-10,Upi,Apparel,498.0,2024-12,93092.82,2024,2024-12
2024-12-10,Upi,Apparel,394.0,2024-12,93092.82,2024,2024-12
2024-12-10,Upi,Food,35.0,2024-12,93092.82,2024,2024-12
2024-12-09,Upi,Food,27.0,2024-12,92165.82,2024,2024-12
2024-12-07,Upi,Food,1260.0,2024-12,92138.82,2024,2024-12
2024-12-06,Upi,Food,26.0,2024-12,90878.82,2024,2024-12
2024-12-05,Upi,Food,245.0,2024-12,90852.82,2024,2024-12
2024-12-05,Upi,Food,27.0,2024-12,90852.82,2024,2024-12
2024-12-04,Upi,Food,56.0,2024-12,90580.82,2024,2024-12
2024-12-03,Upi,Food,56.0,2024-12,90524.82,2024,2024-12
2024-12-02,Upi,Rent,239.0,2024-12,90468.82,2024,2024-12
2024-12-02,Upi,Transport,300.0,2024-12,90468.82,2024,2024-12
2024-12-02,Upi,Food,32.0,2024-12,90468.82,2024,2024-12
2024-12-02,Upi,Food,426.0,2024-12,90468.82,2024,2024-12
2024-12-01,Upi,Rent,11400.0,2024-12,89471.82,2024,2024-12
2024-12-01,Upi,Recharge,220.0,2024-12,89471.82,2024,2024-12
2024-11-29,Upi,Food,41.0,2024-11,77851.82,2024,2024-11
2024-11-27,Upi,Food,340.0,2024-11,77810.82,2024,2024-11
2024-11-27,Upi,Food,42.0,2024-11,77810.82,2024,2024-11
2024-11-27,Upi,Food,40.0,2024-11,77810.82,2024,2024-11
2024-11-25,Upi,Transport,300.0,2024-11,77388.82,2024,2024-11
2024-11-25,Upi,Food,25.0,2024-11,77388.82,2024,2024-11
2024-11-24,Upi,Recharge,249.0,2024-11,77063.82,2024,2024-11
2024-11-22,Upi,Other,299.0,2024-11,76814.82,2024,2024-11
2024-11-21,Upi,Food,39.0,2024-11,76515.82,2024,2024-11
2024-11-21,Upi,Apparel,899.0,2024-11,76515.82,2024,2024-11
2024-11-21,Upi,Food,100.0,2024-11,76515.82,2024,2024-11
2024-11-20,Upi,Food,20.0,2024-11,75477.82,2024,2024-11
2024-11-20,Upi,Food,200.0,2024-11,75477.82,2024,2024-11
2024-11-19,Upi,Food,55.0,2024-11,75257.82,2024,2024-11
2024-11-18,Upi,Food,71.0,2024-11,75202.82,2024,2024-11
2024-11-17,Cash,Other,100.0,2024-11,75131.82,2024,2024-11
2024-11-15,Upi,Food,213.0,2024-11,75031.82,2024,2024-11
2024-11-15,Upi,Food,30.0,2024-11,75031.82,2024,2024-11
2024-11-14,Upi,Transport,200.0,2024-11,74788.82,2024,2024-11
2024-11-12,Cash,Food,48.0,2024-11,74588.82,2024,2024-11
2024-11-11,Upi,Recharge,220.0,2024-11,74540.82,2024,2024-11
2024-11-09,Upi,Social Life,400.0,2024-11,74320.82,2024,2024-11
2024-11-09,Upi,Food,400.0,2024-11,74320.82,2024,2024-11
2024-11-09,Upi,Transport,200.0,2024-11,74320.82,2024,2024-11
2024-11-08,Upi,Food,39.0,2024-11,73320.82,2024,2024-11
2024-11-07,Upi,Recharge,666.0,2024-11,73281.82,2024,2024-11
2024-11-07,Upi,Recharge,666.0,2024-11,73281.82,2024,2024-11
2024-11-07,Cash,Food,32.0,2024-11,73281.82,2024,2024-11
2024-11-06,Cash,Food,56.0,2024-11,71917.82,2024,2024-11
2024-11-05,Upi,Food,759.0,2024-11,71861.82,2024,2024-11
2024-11-05,Upi,Other,169.0,2024-11,71861.82,2024,2024-11
2024-11-04,Upi,Food,33.0,2024-11,70933.82,2024,2024-11
2024-11-03,Upi,Food,108.0,2024-11,70900.82,2024,2024-11
2024-11-02,Upi,Rent,11400.0,2024-11,70792.82,2024,2024-11
2024-11-02,Upi,Household,293.0,2024-11,70792.82,2024,2024-11
2024-11-01,Upi,Food,140.0,2024-11,59099.82,2024,2024-11
2024-11-01,Upi,Transport,881.0,2024-11,59099.82,2024,2024-11
2024-11-01,Upi,Food,140.0,2024-11,59099.82,2024,2024-11
2024-10-31,Upi,Food,25.0,2024-10,57938.82,2024,2024-10
2024-10-31,Upi,Social Life,263.0,2024-10,57938.82,2024,2024-10
2024-10-29,Upi,Food,152.0,2024-10,57650.82,2024,2024-10
2024-10-28,Upi,Food,15.0,2024-10,57498.82,2024,2024-10
2024-10-27,Upi,Transport,300.0,2024-10,57483.82,2024,2024-10
2024-10-26,Upi,Social Life,568.0,2024-10,57183.82,2024,2024-10
2024-10-24,Upi,Apparel,810.0,2024-10,56615.82,2024,2024-10
2024-10-24,Cash,Food,20.0,2024-10,56615.82,2024,2024-10
2024-10-23,Upi,Food,22.0,2024-10,55785.82,2024,2024-10
2024-10-22,Cash,Food,77.0,2024-10,55763.82,2024,2024-10
2024-10-20,Upi,Household,350.0,2024-10,55686.82,2024,2024-10
2024-10-19,Upi,Food,300.0,2024-10,55336.82,2024,2024-10
2024-10-18,Upi,Recharge,690.82,2024-10,55036.82,2024,2024-10
2024-10-17,Cash,Food,200.0,2024-10,54346.0,2024,2024-10
2024-10-17,Cash,Food,40.0,2024-10,54346.0,2024,2024-10
2024-10-17,Cash,Household,240.0,2024-10,54346.0,2024,2024-10
2024-10-15,Upi,Food,20.0,2024-10,53866.0,2024,2024-10
2024-10-15,Cash,Health,89.0,2024-10,53866.0,2024,2024-10
2024-10-09,Upi,Food,40.0,2024-10,53757.0,2024,2024-10
2024-10-08,Upi,Transport,300.0,2024-10,53717.0,2024,2024-10
2024-10-08,Upi,Household,861.0,2024-10,53717.0,2024,2024-10
2024-10-08,Upi,Food,37.0,2024-10,53717.0,2024,2024-10
2024-10-08,Cash,Household,1200.0,2024-10,53717.0,2024,2024-10
2024-10-08,Upi,Food,399.0,2024-10,53717.0,2024,2024-10
2024-10-07,Upi,Food,35.0,2024-10,50920.0,2024,2024-10
2024-10-07,Upi,Food,15.0,2024-10,50920.0,2024,2024-10
2024-10-06,Cash,Food,288.0,2024-10,50870.0,2024,2024-10
2024-10-06,Upi,Household,455.0,2024-10,50870.0,2024,2024-10
2024-10-06,Cash,Transport,65.0,2024-10,50870.0,2024,2024-10
2024-10-05,Upi,Rent,400.0,2024-10,50062.0,2024,2024-10
2024-10-05,Cash,Transport,62.0,2024-10,50062.0,2024,2024-10
2024-10-05,Cash,Other,100.0,2024-10,50062.0,2024,2024-10
2024-10-05,Upi,Food,180.0,2024-10,50062.0,2024,2024-10
2024-10-05,Cash,Food,20.0,2024-10,50062.0,2024,2024-10
2024-10-04,Cash,Food,100.0,2024-10,49300.0,2024,2024-10
2024-10-04,Cash,Transport,200.0,2024-10,49300.0,2024,2024-10
2024-10-04,Upi,Recharge,3000.0,2024-10,49300.0,2024,2024-10
2024-10-02,Upi,Rent,46000.0,2024-10,46000.0,2024,2024-10
2026-06-01,UPI,Food,70.0,June,486344.86,2026,2026-06
